{"AMAT": {"prob": 0.7025767615439148, "exp_ret": 0.012184543398221255, "exp_vol": 0.048067505471100655}, "PFE": {"prob": 0.5523794994460516, "exp_ret": 0.00037035939296364476, "exp_vol": 0.012110149180069984}, "D": {"prob": 0.5932140356163859, "exp_ret": 0.003973198873673906, "exp_vol": 0.010238081199075582}, "WELL": {"prob": 0.4571924084696912, "exp_ret": 0.0003828302180890809, "exp_vol": 0.016004237765502395}, "WMT": {"prob": 0.30578301837232624, "exp_ret": 0.005716233130403498, "exp_vol": 0.012992165921711946}, "SLB": {"prob": 0.333882733595829, "exp_ret": -0.0007070738438805167, "exp_vol": 0.018622812880397903}, "DUK": {"prob": 0.53807065592916, "exp_ret": 0.001366504613804168, "exp_vol": 0.012537847812105707}, "MPC": {"prob": 0.7305596553005566, "exp_ret": 0.009855839577358865, "exp_vol": 0.02114395831707798}, "NEE": {"prob": 0.45605641943189346, "exp_ret": 0.0009251038494184226, "exp_vol": 0.011227230766983112}, "AMD": {"prob": 0.7139989747918176, "exp_ret": 0.024660997644870397, "exp_vol": 0.04416184672936404}, "VICI": {"prob": 0.43088899922546214, "exp_ret": -0.001740922639809407, "exp_vol": 0.014293731875548348}, "HLT": {"prob": 0.28630407703480654, "exp_ret": -0.0015629172940796988, "exp_vol": 0.01361690207470799}, "CEG": {"prob": 0.5344476858863929, "exp_ret": 0.008929239614994543, "exp_vol": 0.025703283120439662}, "MCD": {"prob": 0.5242541717962651, "exp_ret": 0.001809544622039822, "exp_vol": 0.012799238538589589}, "PPL": {"prob": 0.4506733259619106, "exp_ret": -0.0025874417783483036, "exp_vol": 0.012308255963656527}, "NUE": {"prob": 0.44362457018129825, "exp_ret": -0.0006156754469247048, "exp_vol": 0.019351516582364683}, "MNST": {"prob": 0.6281594990009159, "exp_ret": 0.000879410821633562, "exp_vol": 0.01069510609331978}, "INTC": {"prob": 0.4129324473416958, "exp_ret": 0.005784216735035859, "exp_vol": 0.046617175537092534}, "TTWO": {"prob": 0.5743110353939962, "exp_ret": 0.0051939364359982, "exp_vol": 0.015311056450128197}, "FCX": {"prob": 0.6448044710638631, "exp_ret": 0.010084263147344555, "exp_vol": 0.030105602348958163}, "JPM": {"prob": 0.36684040026580494, "exp_ret": -0.0017728455238968405, "exp_vol": 0.01305267382349595}, "CCI": {"prob": 0.4983012898541817, "exp_ret": 0.0019349274199005817, "exp_vol": 0.02359549004564162}, "VLO": {"prob": 0.7077690843067882, "exp_ret": 0.012361479264146734, "exp_vol": 0.02203143071241446}, "COP": {"prob": 0.5235369390340515, "exp_ret": 0.0030648701477023303, "exp_vol": 0.019114867596808454}, "GS": {"prob": 0.480124514402325, "exp_ret": -0.0011539826821034375, "exp_vol": 0.017216875286677806}, "AVGO": {"prob": 0.5573542582710935, "exp_ret": 0.013829556142745676, "exp_vol": 0.026622664060586054}, "MRVL": {"prob": 0.493315943818189, "exp_ret": 0.0005150897039082528, "exp_vol": 0.05942083511244791}, "GILD": {"prob": 0.5519228678362094, "exp_ret": -0.0011967182520378015, "exp_vol": 0.016883521079787765}, "GEV": {"prob": 0.5422327599061201, "exp_ret": 0.005354063041714556, "exp_vol": 0.029689074734151732}, "AZO": {"prob": 0.5879052223926666, "exp_ret": 0.010729135942347055, "exp_vol": 0.018978144872695564}, "TJX": {"prob": 0.45441288589014045, "exp_ret": -0.0009395268868185966, "exp_vol": 0.012705628814344257}, "AEP": {"prob": 0.4424178744283843, "exp_ret": 0.002754351369365782, "exp_vol": 0.011699541513212303}, "ABT": {"prob": 0.4461983133965958, "exp_ret": 0.0002944011647454309, "exp_vol": 0.012665192495897686}, "EOG": {"prob": 0.5423069804961814, "exp_ret": 0.003774890087550833, "exp_vol": 0.01938930497618744}, "CVX": {"prob": 0.746003068148177, "exp_ret": 0.008874292034127299, "exp_vol": 0.015423578465953281}, "SNDK": {"prob": 0.5762959051610599, "exp_ret": 0.013218379345552554, "exp_vol": 0.018266336820399253}, "HON": {"prob": 0.19776813956677394, "exp_ret": -0.011192147114849052, "exp_vol": 0.016888387440477038}, "CAT": {"prob": 0.5450773954141874, "exp_ret": 0.0010931782865946998, "exp_vol": 0.0250603723184694}, "WFC": {"prob": 0.7231448464217172, "exp_ret": 0.0025663910948996926, "exp_vol": 0.01426086996485829}, "DVN": {"prob": 0.404148618635873, "exp_ret": -0.00743114490712526, "exp_vol": 0.021982387095301207}, "CRH": {"prob": 0.3551437779657723, "exp_ret": -0.0025562075825521224, "exp_vol": 0.019307139822619522}, "ECL": {"prob": 0.4947543630943385, "exp_ret": -0.0029928847155092013, "exp_vol": 0.0129518847361161}, "UNP": {"prob": 0.3417883618548562, "exp_ret": -0.006590421306854779, "exp_vol": 0.011377810426798076}, "XOM": {"prob": 0.5382250834778074, "exp_ret": 0.0013038656649887554, "exp_vol": 0.017934282343538714}, "MA": {"prob": 0.5452911916663725, "exp_ret": 0.0006237796599086416, "exp_vol": 0.012958902886548244}, "AAPL": {"prob": 0.6732599980194991, "exp_ret": 0.006630948943899812, "exp_vol": 0.012449611242627827}, "MS": {"prob": 0.5408090663622483, "exp_ret": 0.00266476622399382, "exp_vol": 0.01655601420222254}, "VRT": {"prob": 0.451232568947771, "exp_ret": 0.0037087277036242615, "exp_vol": 0.03872332995621185}, "PM": {"prob": 0.37850967887040526, "exp_ret": -0.005101465091450942, "exp_vol": 0.015803786733293877}, "MDT": {"prob": 0.47643286717279654, "exp_ret": -0.0006713565245108202, "exp_vol": 0.014732002842925047}, "MSFT": {"prob": 0.511021472358215, "exp_ret": 0.00019038067551107107, "exp_vol": 0.017879235367602997}, "KO": {"prob": 0.5235198872042449, "exp_ret": 0.0002956448679906524, "exp_vol": 0.010248970049869582}, "V": {"prob": 0.5122036123423875, "exp_ret": -0.0006956949736730542, "exp_vol": 0.011444458874268157}, "AMGN": {"prob": 0.3415009641098127, "exp_ret": -0.01446824339469663, "exp_vol": 0.01211734957033416}, "BA": {"prob": 0.4573405425378596, "exp_ret": 0.0015585452354098023, "exp_vol": 0.01926236794928204}, "SO": {"prob": 0.4498467987025196, "exp_ret": -0.0018551771674285267, "exp_vol": 0.012105636471096597}, "TSLA": {"prob": 0.5827287686751956, "exp_ret": 0.0055842578496251745, "exp_vol": 0.030392817342913485}, "NFLX": {"prob": 0.5335616399028447, "exp_ret": 0.0017269162435533422, "exp_vol": 0.015758494455007564}, "CTVA": {"prob": 0.6566265044652227, "exp_ret": 0.004672731987935506, "exp_vol": 0.012053451036123248}, "NVDA": {"prob": 0.4458108948693974, "exp_ret": 1.3457806230292629e-05, "exp_vol": 0.023875055688110918}, "DLR": {"prob": 0.3973400194228329, "exp_ret": -0.00023255202396963375, "exp_vol": 0.014189491157257735}, "SPG": {"prob": 0.5040746807393689, "exp_ret": 0.0018982529042155963, "exp_vol": 0.01189287616304202}, "BKNG": {"prob": 0.5409734030486012, "exp_ret": 0.001912344319671865, "exp_vol": 0.02155960446527897}, "NKE": {"prob": 0.5352167848893402, "exp_ret": 0.0034692781822548927, "exp_vol": 0.017192382356508894}, "HWM": {"prob": 0.5834074525708313, "exp_ret": 0.005394944122250091, "exp_vol": 0.017211027287774124}, "COST": {"prob": 0.5235827867889039, "exp_ret": -0.001561020822175119, "exp_vol": 0.011988722176944406}, "MDLZ": {"prob": 0.3902654737428267, "exp_ret": -0.003651857979864925, "exp_vol": 0.015702656304906415}, "BRK.B": {"prob": 0.3970241131354451, "exp_ret": -0.00293295751857369, "exp_vol": 0.00794022509744961}, "ORLY": {"prob": 0.49969344842842756, "exp_ret": 0.0017697762236206743, "exp_vol": 0.01699855261535094}, "UBER": {"prob": 0.5693659500984444, "exp_ret": 0.0007900129669636411, "exp_vol": 0.017400086194084664}, "FANG": {"prob": 0.5236809084574071, "exp_ret": 0.006011711661705544, "exp_vol": 0.019458250155461335}, "PG": {"prob": 0.42333425074547376, "exp_ret": -0.0026247439944527594, "exp_vol": 0.014240339366336969}, "XEL": {"prob": 0.554375797699632, "exp_ret": 0.0018386634345076694, "exp_vol": 0.011059968053791091}, "META": {"prob": 0.5755641851034519, "exp_ret": 0.0015891400436883157, "exp_vol": 0.02142936598290257}, "MU": {"prob": 0.5387603945794058, "exp_ret": 0.001331457020522565, "exp_vol": 0.061643571118520105}, "VTR": {"prob": 0.4025514435289633, "exp_ret": -0.0034105533950805596, "exp_vol": 0.01453949421892853}, "WMB": {"prob": 0.5525624450260348, "exp_ret": 0.0009442158414127952, "exp_vol": 0.013880397118414205},