{"ITW": {"prob": 0.3950138283428427, "exp_ret": -0.006994743245134347, "exp_vol": 0.011274304974205646}, "WBD": {"prob": 0.5257087637198748, "exp_ret": 0.0080992865427082, "exp_vol": 0.010176953481972943}, "AAPL": {"prob": 0.6732599980194991, "exp_ret": 0.004291173267194045, "exp_vol": 0.012497545475964492}, "EXE": {"prob": 0.5929938947479065, "exp_ret": -0.00381835803392752, "exp_vol": 0.013956624255986792}, "GOOGL": {"prob": 0.33208266491936933, "exp_ret": -0.007913053103670162, "exp_vol": 0.014356976978406705}, "MSFT": {"prob": 0.511021472358215, "exp_ret": 0.0014726450515529874, "exp_vol": 0.01819376972736249}, "KO": {"prob": 0.5235198872042449, "exp_ret": 1.1982315854934408e-05, "exp_vol": 0.011452008720933141}, "YUM": {"prob": 0.2843283412978388, "exp_ret": -0.00412522029197907, "exp_vol": 0.012409940752407079}, "V": {"prob": 0.5122036123423875, "exp_ret": -0.0009865152999964837, "exp_vol": 0.011184257172335748}, "WMT": {"prob": 0.30578301837232624, "exp_ret": 0.004790837573753726, "exp_vol": 0.01316350637624621}, "O": {"prob": 0.7355543317895319, "exp_ret": 0.004438950349314508, "exp_vol": 0.011239882123811573}, "APD": {"prob": 0.5982615282084797, "exp_ret": 0.004113464037173571, "exp_vol": 0.012438578461960035}, "SO": {"prob": 0.4498467987025196, "exp_ret": -0.0017269977309534615, "exp_vol": 0.01167913866296128}, "AES": {"prob": 0.5620741094066518, "exp_ret": 0.0021954212433404415, "exp_vol": 0.002480083221585757}, "ABBV": {"prob": 0.778045567565643, "exp_ret": 0.010397335248287459, "exp_vol": 0.013947689432741689}, "MMM": {"prob": 0.3528929621646963, "exp_ret": -0.007469969420759292, "exp_vol": 0.012391926215108168}, "MA": {"prob": 0.5452911916663725, "exp_ret": 0.0013813174631682262, "exp_vol": 0.013575920973714338}, "CTVA": {"prob": 0.6566265044652227, "exp_ret": 0.0035627640685447033, "exp_vol": 0.012293257558631148}, "WELL": {"prob": 0.4571924084696912, "exp_ret": 0.0011408953651958992, "exp_vol": 0.016218620681343752}, "LIN": {"prob": 0.5097075843582121, "exp_ret": -0.0007036812443384592, "exp_vol": 0.012276756902754288}, "NVDA": {"prob": 0.4458108948693974, "exp_ret": 0.00014309660839173348, "exp_vol": 0.02369743362142996}, "EA": {"prob": 0.7469137990723161, "exp_ret": 0.001398222859038474, "exp_vol": 0.0017943717483096834}, "JNJ": {"prob": 0.7656961531476021, "exp_ret": 0.00984308328717438, "exp_vol": 0.014796875149581827}, "FAST": {"prob": 0.43760366982204874, "exp_ret": -0.0034901523537468186, "exp_vol": 0.012438503007391867}, "SPG": {"prob": 0.5040746807393689, "exp_ret": 0.0011125358381502348, "exp_vol": 0.012059320107951702}, "COST": {"prob": 0.5235827867889039, "exp_ret": -0.0020230724947422466, "exp_vol": 0.011961091043298941}, "CVX": {"prob": 0.746003068148177, "exp_ret": 0.009341966374611344, "exp_vol": 0.016653370507221012}, "PFE": {"prob": 0.5523794994460516, "exp_ret": -0.000695492344480116, "exp_vol": 0.011742305803152902}, "TJX": {"prob": 0.45441288589014045, "exp_ret": -0.000756633967616035, "exp_vol": 0.012401384915319193}, "DUK": {"prob": 0.53807065592916, "exp_ret": 0.00038264179245495634, "exp_vol": 0.012548650677900935}, "NEE": {"prob": 0.45605641943189346, "exp_ret": 0.001893327224370511, "exp_vol": 0.011398699821188792}, "BRK.B": {"prob": 0.3970241131354451, "exp_ret": -0.003089050158458168, "exp_vol": 0.007866630171996661}, "AEP": {"prob": 0.4424178744283843, "exp_ret": 0.0017284887771254476, "exp_vol": 0.011429235464451038}, "LLY": {"prob": 0.5172150970547124, "exp_ret": -0.010229658943124198, "exp_vol": 0.01716522557745676}, "META": {"prob": 0.5755641851034519, "exp_ret": 0.0038463726384618973, "exp_vol": 0.020604179661094648}, "PG": {"prob": 0.42333425074547376, "exp_ret": -0.002507306968979005, "exp_vol": 0.01367028009666657}, "UNH": {"prob": 0.4289047067115519, "exp_ret": 0.005567616374886028, "exp_vol": 0.014606936015212806}, "WM": {"prob": 0.5402632763860384, "exp_ret": 0.0018977296921955265, "exp_vol": 0.012292254175997438}, "EQIX": {"prob": 0.48929862620060843, "exp_ret": -0.0009643786014628418, "exp_vol": 0.011003600661257482}, "SHW": {"prob": 0.4812700607246795, "exp_ret": -0.00920288520715813, "exp_vol": 0.015355885261374302}, "WMB": {"prob": 0.5525624450260348, "exp_ret": 0.0014392117062340054, "exp_vol": 0.013695798962348318}, "KMI": {"prob": 0.5349536770145208, "exp_ret": 0.0004650757007028057, "exp_vol": 0.011189889949685602}, "BAC": {"prob": 0.5770954371599886, "exp_ret": 0.0016403754648957253, "exp_vol": 0.012451532502668127}, "HLT": {"prob": 0.28630407703480654, "exp_ret": -0.0017251104574340327, "exp_vol": 0.013420934615793073}, "MCD": {"prob": 0.5242541717962651, "exp_ret": 0.001930012863692049, "exp_vol": 0.01212642316525048}, "JPM": {"prob": 0.36684040026580494, "exp_ret": -0.002054957340905707, "exp_vol": 0.012954620835474875}, "AMZN": {"prob": 0.5133233680377479, "exp_ret": -0.0031375567883369375, "exp_vol": 0.016202146159739115}, "PEP": {"prob": 0.49039910034794065, "exp_ret": 0.0004231380950239698, "exp_vol": 0.014146190725694084}, "PLD": {"prob": 0.6583170704014945, "exp_ret": 0.004569458810171604, "exp_vol": 0.012727314226479387}, "GOOG": {"prob": 0.46548662726630946, "exp_ret": 0.0027395078657876442, "exp_vol": 0.014727798461187692}, "ECL": {"prob": 0.4947543630943385, "exp_ret": -0.0015657098729922056, "exp_vol": 0.013263161256279632}, "XOM": {"prob": 0.5382250834778074, "exp_ret": 0.0004988477570091876, "exp_vol": 0.017881072390052}}