{"GOOGL": {"prob": 0.33208266491936933, "exp_ret": -0.007388585143909686, "exp_vol": 0.014159802471897822}, "AAPL": {"prob": 0.6732599980194991, "exp_ret": 0.005634005227101416, "exp_vol": 0.013068897163452992}, "YUM": {"prob": 0.2843283412978388, "exp_ret": -0.003731172685909179, "exp_vol": 0.012807452395398008}, "COP": {"prob": 0.5235369390340515, "exp_ret": 0.0023314728551425954, "exp_vol": 0.020392510751125255}, "SLB": {"prob": 0.333882733595829, "exp_ret": -0.0022128241584267543, "exp_vol": 0.018122350881016817}, "KO": {"prob": 0.5235198872042449, "exp_ret": -0.0006926647024986701, "exp_vol": 0.011591321864803389}, "GS": {"prob": 0.480124514402325, "exp_ret": -3.197548833811996e-05, "exp_vol": 0.017343748351127435}, "MSFT": {"prob": 0.511021472358215, "exp_ret": 0.001702885037594277, "exp_vol": 0.018248031119510552}, "SO": {"prob": 0.4498467987025196, "exp_ret": -0.0013186589849394094, "exp_vol": 0.012016172794809493}, "WMT": {"prob": 0.30578301837232624, "exp_ret": 0.004954849485702678, "exp_vol": 0.012927812332468891}, "V": {"prob": 0.5122036123423875, "exp_ret": -0.0007492413835733965, "exp_vol": 0.010703985908538922}, "AVGO": {"prob": 0.5573542582710935, "exp_ret": 0.011444021229708543, "exp_vol": 0.02773294456283877}, "LIN": {"prob": 0.5097075843582121, "exp_ret": 0.0008970308263941114, "exp_vol": 0.012436296477670023}, "ABBV": {"prob": 0.778045567565643, "exp_ret": 0.011179211799206617, "exp_vol": 0.012188908311789872}, "TSLA": {"prob": 0.5827287686751956, "exp_ret": 0.005822592396206344, "exp_vol": 0.032299395014265625}, "NFLX": {"prob": 0.5335616399028447, "exp_ret": 0.0018993743090122634, "exp_vol": 0.015565046526871478}, "WELL": {"prob": 0.4571924084696912, "exp_ret": 0.0010684572233960368, "exp_vol": 0.016150947765166155}, "GEV": {"prob": 0.5422327599061201, "exp_ret": 0.0055299450871136, "exp_vol": 0.030525014867845847}, "JNJ": {"prob": 0.7656961531476021, "exp_ret": 0.010089160045662033, "exp_vol": 0.015467751619792853}, "EA": {"prob": 0.7469137990723161, "exp_ret": 0.002246391112352141, "exp_vol": 0.0018212276990657954}, "NVDA": {"prob": 0.4458108948693974, "exp_ret": -0.0006562532400178272, "exp_vol": 0.023273978474781645}, "PFE": {"prob": 0.5523794994460516, "exp_ret": -0.0011105868863745096, "exp_vol": 0.012345739686328922}, "DLR": {"prob": 0.3973400194228329, "exp_ret": -0.0015031804870718867, "exp_vol": 0.0152264296212397}, "ECL": {"prob": 0.4947543630943385, "exp_ret": -0.0024933136816217495, "exp_vol": 0.013348741141938238}, "SPG": {"prob": 0.5040746807393689, "exp_ret": 0.0011881965883169647, "exp_vol": 0.012175545063892937}, "DUK": {"prob": 0.53807065592916, "exp_ret": 3.430804081252005e-05, "exp_vol": 0.012260331618503782}, "TJX": {"prob": 0.45441288589014045, "exp_ret": -0.0021738983338603747, "exp_vol": 0.011871554379007864}, "COST": {"prob": 0.5235827867889039, "exp_ret": -0.002444988863757478, "exp_vol": 0.011741433428114453}, "CVX": {"prob": 0.746003068148177, "exp_ret": 0.008478336315075023, "exp_vol": 0.015505590490767248}, "AEP": {"prob": 0.4424178744283843, "exp_ret": 0.001904558397355785, "exp_vol": 0.011315515827327557}, "BRK.B": {"prob": 0.3970241131354451, "exp_ret": -0.0024226585706961625, "exp_vol": 0.007873041295017154}, "MU": {"prob": 0.5387603945794058, "exp_ret": -0.001455452077716341, "exp_vol": 0.06073279822474192}, "UBER": {"prob": 0.5693659500984444, "exp_ret": 0.0009836439064566565, "exp_vol": 0.017154140631164806}, "HON": {"prob": 0.19776813956677394, "exp_ret": -0.010735094586839234, "exp_vol": 0.01694366174195992}, "META": {"prob": 0.5755641851034519, "exp_ret": 0.00314121807721984, "exp_vol": 0.02278588846782076}, "PG": {"prob": 0.42333425074547376, "exp_ret": -0.002777819863366236, "exp_vol": 0.014208847711772542}, "WMB": {"prob": 0.5525624450260348, "exp_ret": 0.0017187850823034603, "exp_vol": 0.013941532865755694}, "EQIX": {"prob": 0.48929862620060843, "exp_ret": -0.001036039232699093, "exp_vol": 0.010766781087045239}, "CAT": {"prob": 0.5450773954141874, "exp_ret": 0.004182859463078675, "exp_vol": 0.024778141192790388}, "BAC": {"prob": 0.5770954371599886, "exp_ret": 0.0013299292122209436, "exp_vol": 0.01262802780164007}, "NEE": {"prob": 0.45605641943189346, "exp_ret": 0.0020509405277318394, "exp_vol": 0.01106561727369775}, "GE": {"prob": 0.4618025293047713, "exp_ret": -0.0006492390537200387, "exp_vol": 0.018738861162479952}, "LLY": {"prob": 0.5172150970547124, "exp_ret": -0.00975396790454491, "exp_vol": 0.01687290940020016}, "UNH": {"prob": 0.4289047067115519, "exp_ret": 0.005169150066577311, "exp_vol": 0.014142446303375395}, "NEM": {"prob": 0.5477263053816632, "exp_ret": 0.001544376841424916, "exp_vol": 0.026682549742743904}, "SHW": {"prob": 0.4812700607246795, "exp_ret": -0.011383117828192851, "exp_vol": 0.015585823557452649}, "MCD": {"prob": 0.5242541717962651, "exp_ret": 0.0016117034336299882, "exp_vol": 0.012104997051469885}, "AMZN": {"prob": 0.5133233680377479, "exp_ret": -0.001963138957309513, "exp_vol": 0.015798603794266092}, "JPM": {"prob": 0.36684040026580494, "exp_ret": -0.002073932991071763, "exp_vol": 0.013369501494673378}, "CEG": {"prob": 0.5344476858863929, "exp_ret": 0.008855815053868059, "exp_vol": 0.026481484409229684}, "PLD": {"prob": 0.6583170704014945, "exp_ret": 0.005117389982104239, "exp_vol": 0.013304080684467774}, "FCX": {"prob": 0.6448044710638631, "exp_ret": 0.007870450935004443, "exp_vol": 0.02825661954688499}, "PEP": {"prob": 0.49039910034794065, "exp_ret": 0.0017210699755895208, "exp_vol": 0.01382486645548904}, "XOM": {"prob": 0.5382250834778074, "exp_ret": 0.0001389141149410957, "exp_vol": 0.01780856151851586}, "GOOG": {"prob": 0.46548662726630946, "exp_ret": 0.0018657936021712893, "exp_vol": 0.014642546736387875}}