{"NFLX": {"prob": 0.48203285098082865, "exp_ret": -0.00398735535880535, "exp_vol": 0.012735115232476012}, "TDY": {"prob": 0.4030545834832003, "exp_ret": -0.006164725057980678, "exp_vol": 0.01353020803266967}, "AAPL": {"prob": 0.6714729620767624, "exp_ret": 0.006509264839175165, "exp_vol": 0.011260520153816539}, "PTC": {"prob": 0.4524640915054926, "exp_ret": 0.002833178290724402, "exp_vol": 0.008065035309803228}, "BNY": {"prob": 0.4922492312480346, "exp_ret": -0.0010559290882174754, "exp_vol": 0.012322145365947439}}