{"LVS": {"prob": 0.4891215678428897, "exp_ret": 0.00334319411681378, "exp_vol": 0.012611024567873752}, "MRSH": {"prob": 0.3599203205901391, "exp_ret": -0.004660375639546882, "exp_vol": 0.015739559314431297}, "WEC": {"prob": 0.3901996342526844, "exp_ret": -0.00179633745766499, "exp_vol": 0.011032674575359542}, "UNP": {"prob": 0.3774072908254155, "exp_ret": -0.003948829069549787, "exp_vol": 0.010911339558534836}, "TPR": {"prob": 0.7180032429051976, "exp_ret": 0.007335917775312384, "exp_vol": 0.017171544933235416}, "FOXA": {"prob": 0.33506222748517556, "exp_ret": -0.019941912528780324, "exp_vol": 0.02264804480340269}, "HWM": {"prob": 0.5691673823475888, "exp_ret": 0.006157977750186964, "exp_vol": 0.017114521567514196}, "PODD": {"prob": 0.49877881155270914, "exp_ret": 0.0003326224829198387, "exp_vol": 0.023295808173521178}, "UNH": {"prob": 0.42209843825104437, "exp_ret": -0.0031013405433753948, "exp_vol": 0.01453921700434795}, "BALL": {"prob": 0.4973417661622141, "exp_ret": 0.0011575573747387307, "exp_vol": 0.012001277798446274}, "ZBH": {"prob": 0.3832722338811665, "exp_ret": -0.008871662971303897, "exp_vol": 0.016190262354165163}, "PEP": {"prob": 0.21332066497129076, "exp_ret": -0.010272261535297138, "exp_vol": 0.013385424810720883}, "MKC": {"prob": 0.4368171582526205, "exp_ret": -0.0002478672271895776, "exp_vol": 0.02004804874649525}, "MCD": {"prob": 0.3415226416904574, "exp_ret": -0.0019514859543487391, "exp_vol": 0.012355365206844602}, "MSI": {"prob": 0.4696809036221931, "exp_ret": -9.052395097879587e-05, "exp_vol": 0.00980206112770298}, "EXC": {"prob": 0.5557435364497061, "exp_ret": 0.0024384408144905723, "exp_vol": 0.011974594922031092}, "BA": {"prob": 0.5994528435232878, "exp_ret": 0.009029202918285567, "exp_vol": 0.018919728149667202}, "APP": {"prob": 0.5056311678497405, "exp_ret": -0.004457035429193659, "exp_vol": 0.04179399732849006}, "VZ": {"prob": 0.5075661362136554, "exp_ret": 0.002635752088536032, "exp_vol": 0.012295849934958466}, "CNP": {"prob": 0.5700717707731877, "exp_ret": 0.0021443037715427157, "exp_vol": 0.011526403191031575}, "APA": {"prob": 0.41725803307401094, "exp_ret": 0.001784604472042432, "exp_vol": 0.027104904615875797}, "FDX": {"prob": 0.586046170090977, "exp_ret": 0.003041436774907686, "exp_vol": 0.013761781877156511}, "IRM": {"prob": 0.48079213205481813, "exp_ret": -0.0005610643584875603, "exp_vol": 0.01696034556388808}, "HLT": {"prob": 0.4729759203734326, "exp_ret": 0.00044354083135066536, "exp_vol": 0.013455992295638274}, "ITW": {"prob": 0.4347701010133244, "exp_ret": -0.0017878558815217036, "exp_vol": 0.011149847018106819}, "HD": {"prob": 0.4031096566965858, "exp_ret": -0.003124064284726207, "exp_vol": 0.015648269160745965}, "PSKY": {"prob": 0.6925596534251831, "exp_ret": 0.022050737782586084, "exp_vol": 0.025453624128358457}}