{"C": {"prob": 0.20049534925615098, "exp_ret": -0.010511965157663243, "exp_vol": 0.016818745921695723}, "EOG": {"prob": 0.4653560752429945, "exp_ret": 0.0007632951022322734, "exp_vol": 0.019370084328829622}, "ARE": {"prob": 0.5800690834464299, "exp_ret": 0.0063312021746705326, "exp_vol": 0.022433023001703103}, "BF.B": {"prob": 0.21469892334035892, "exp_ret": -0.012491533451052392, "exp_vol": 0.018135904644067086}, "DGX": {"prob": 0.40640670960783787, "exp_ret": -0.0018132502789340644, "exp_vol": 0.010730047800155374}, "MAA": {"prob": 0.29073645130757236, "exp_ret": -0.006542477352674921, "exp_vol": 0.011491066037272443}, "DIS": {"prob": 0.4886855153295815, "exp_ret": 0.0010584786942546146, "exp_vol": 0.012410600230851452}, "RCL": {"prob": 0.3800237227888153, "exp_ret": -0.0036698845935152925, "exp_vol": 0.02540049777990608}, "META": {"prob": 0.5640360474322793, "exp_ret": 0.0039004209079361862, "exp_vol": 0.02469037046158852}, "RSG": {"prob": 0.3660090956526111, "exp_ret": -0.006754636976824757, "exp_vol": 0.012785427294690106}, "DPZ": {"prob": 0.4541306040881014, "exp_ret": -0.004049997676441146, "exp_vol": 0.01675326259379581}, "CNC": {"prob": 0.5282308170801501, "exp_ret": -0.003610685141581968, "exp_vol": 0.01909827504536213}, "UDR": {"prob": 0.31562263145027614, "exp_ret": -0.0053690216443264905, "exp_vol": 0.011111663416892832}, "HON": {"prob": 0.26995028157346224, "exp_ret": -0.004376559270994834, "exp_vol": 0.01625712445593538}, "BKR": {"prob": 0.7426737652508992, "exp_ret": 0.012667942071113492, "exp_vol": 0.018091237855409475}, "PM": {"prob": 0.527724689726282, "exp_ret": 0.0003723887759249387, "exp_vol": 0.015853169591294045}, "LHX": {"prob": 0.5462764044223598, "exp_ret": 0.00111486885160759, "exp_vol": 0.015037704722307678}, "STX": {"prob": 0.6816881679688581, "exp_ret": 0.01487635926140563, "exp_vol": 0.04731455116767197}, "CRWD": {"prob": 0.553688403707279, "exp_ret": 0.007833030786025522, "exp_vol": 0.03386680616532873}, "CPT": {"prob": 0.39096518388143797, "exp_ret": -0.00494310072990306, "exp_vol": 0.012469684010559298}, "MGM": {"prob": 0.5862786949770169, "exp_ret": 0.003168561719487162, "exp_vol": 0.012642104433392127}, "JNJ": {"prob": 0.7128556750644497, "exp_ret": 0.0046293150158684656, "exp_vol": 0.015380133710602581}, "ULTA": {"prob": 0.5248312024587437, "exp_ret": 0.001665104291422598, "exp_vol": 0.016251811743006685}, "PEG": {"prob": 0.46664748875055534, "exp_ret": -0.0015576679422053094, "exp_vol": 0.011536928646552602}, "PPG": {"prob": 0.3698095937656612, "exp_ret": -0.006676893714218948, "exp_vol": 0.019000167187088718}, "ADBE": {"prob": 0.3578787247334246, "exp_ret": -0.018514495663527145, "exp_vol": 0.023619812550780956}, "IBM": {"prob": 0.36692724329151083, "exp_ret": -0.015381456630702417, "exp_vol": 0.027453606299410516}, "WELL": {"prob": 0.7849056460136792, "exp_ret": 0.01558233968528399, "exp_vol": 0.015178548754856053}, "TJX": {"prob": 0.4994649421649921, "exp_ret": -0.0014596472253921326, "exp_vol": 0.011220604638100177}, "OXY": {"prob": 0.5372397525570143, "exp_ret": 0.006269460241213417, "exp_vol": 0.020496933919795016}, "OMC": {"prob": 0.4403525901126382, "exp_ret": -7.286745310861766e-05, "exp_vol": 0.01720798320684548}, "HAL": {"prob": 0.45961871791526937, "exp_ret": -0.001152362287235947, "exp_vol": 0.019632009678073332}, "LH": {"prob": 0.5782311060074364, "exp_ret": 0.004301569514678125, "exp_vol": 0.01181114830472872}, "EQR": {"prob": 0.24758583522188685, "exp_ret": -0.006652640242845992, "exp_vol": 0.01158024561928763}, "TSLA": {"prob": 0.7104580328229976, "exp_ret": 0.01067765483316984, "exp_vol": 0.03258513912969563}, "MTD": {"prob": 0.3169499228760704, "exp_ret": -0.008302147616608413, "exp_vol": 0.017764200355441493}}