{"AJG": {"prob": 0.40144675001204416, "exp_ret": 0.0048676362264022995, "exp_vol": 0.01859445731332749}, "TMO": {"prob": 0.6070967320144219, "exp_ret": 0.00698142111143841, "exp_vol": 0.015852307453828637}, "ACN": {"prob": 0.2991382654974937, "exp_ret": -0.008217109269615908, "exp_vol": 0.02811703466846772}, "KEY": {"prob": 0.38540891010764, "exp_ret": -0.00354667987500203, "exp_vol": 0.012356333155988906}, "HPE": {"prob": 0.6901859495951792, "exp_ret": 0.013309167458513616, "exp_vol": 0.033651753158520384}, "EMR": {"prob": 0.6021243567966952, "exp_ret": 0.0038059260097002834, "exp_vol": 0.017372021233043357}, "MLM": {"prob": 0.2828305824117697, "exp_ret": -0.009889217369864995, "exp_vol": 0.019933501191421146}, "SO": {"prob": 0.5918195168274761, "exp_ret": 0.0010236640196272851, "exp_vol": 0.011625214833161377}, "APTV": {"prob": 0.4994387574658027, "exp_ret": 0.0001539195457049403, "exp_vol": 0.023150966797610015}, "GIS": {"prob": 0.4850185002825291, "exp_ret": 0.0027536854021995103, "exp_vol": 0.016394376391607148}, "VRT": {"prob": 0.5683389134615993, "exp_ret": 0.0038863548372391134, "exp_vol": 0.03811727508758393}, "LYB": {"prob": 0.9413622171568521, "exp_ret": 0.023342976747210885, "exp_vol": 0.01986411991345855}, "CAT": {"prob": 0.6434506495788264, "exp_ret": 0.009530273299078304, "exp_vol": 0.025600141339345968}, "KO": {"prob": 0.3189040469695661, "exp_ret": -0.002899137123961788, "exp_vol": 0.010554772343669121}, "WAT": {"prob": 0.4440033681976581, "exp_ret": 0.002945006056022918, "exp_vol": 0.01359105548611583}, "MAR": {"prob": 0.803449336753406, "exp_ret": 0.01097684080895408, "exp_vol": 0.014124545170429992}, "IP": {"prob": 0.3871110419971766, "exp_ret": -0.0041064263358919495, "exp_vol": 0.018641384601841872}, "CTAS": {"prob": 0.5745239173908699, "exp_ret": 0.004681594952013388, "exp_vol": 0.01585435328329108}, "CCI": {"prob": 0.33450984607424583, "exp_ret": -0.004698318508300713, "exp_vol": 0.022409590996853187}, "PSA": {"prob": 0.4420984703550003, "exp_ret": -0.0017955338292291022, "exp_vol": 0.013613493077338026}, "DG": {"prob": 0.4806076093779022, "exp_ret": 0.002576473464518047, "exp_vol": 0.020109524700934626}, "UBER": {"prob": 0.513693785407451, "exp_ret": -0.0018942002232619826, "exp_vol": 0.019143068874212486}, "CL": {"prob": 0.38586028071663186, "exp_ret": -0.0032456217749419138, "exp_vol": 0.01543202045601842}, "ETR": {"prob": 0.55889428901155, "exp_ret": 0.003258831495423698, "exp_vol": 0.011369060326351661}, "LLY": {"prob": 0.5656594550704375, "exp_ret": -0.003519056268657123, "exp_vol": 0.017044349897400314}, "DELL": {"prob": 0.39115189366287584, "exp_ret": 0.006358302051946755, "exp_vol": 0.03778620889033907}, "XEL": {"prob": 0.4540296270744029, "exp_ret": -0.0033147079073542396, "exp_vol": 0.011133848710883108}, "INTC": {"prob": 0.4611499096831909, "exp_ret": 0.015711406613606992, "exp_vol": 0.04708953281904475}, "AXON": {"prob": 0.4991424134722219, "exp_ret": 0.002788706390357534, "exp_vol": 0.03161775521828852}, "TTD": {"prob": 0.34664907702368436, "exp_ret": -0.011106212507011569, "exp_vol": 0.024745246621567633}, "AMGN": {"prob": 0.5913683701633049, "exp_ret": -0.0007350741459527373, "exp_vol": 0.01246002768741357}, "NXPI": {"prob": 0.4871142323173914, "exp_ret": -0.0019256519373002075, "exp_vol": 0.026247920400059487}, "NEM": {"prob": 0.7100632518024641, "exp_ret": 0.009058171862124487, "exp_vol": 0.024854133121956563}, "CIEN": {"prob": 0.8541505057581292, "exp_ret": 0.039662533436044894, "exp_vol": 0.03740172288231625}, "FLEX": {"prob": 0.5539277722206214, "exp_ret": 0.0030603457930733426, "exp_vol": 0.03966392236572881}, "HIG": {"prob": 0.56223086539178, "exp_ret": 0.0008751833923097294, "exp_vol": 0.01207482315505885}}