{"VICI": {"prob": 0.3750201812543802, "exp_ret": -0.0032652421023463465, "exp_vol": 0.014289163112909509}, "NRG": {"prob": 0.5935071382494557, "exp_ret": 3.2462218481735185e-06, "exp_vol": 0.02188269169734951}, "VEEV": {"prob": 0.4742055639642744, "exp_ret": -0.0040633985199587195, "exp_vol": 0.021514127379349126}, "SRE": {"prob": 0.53930358370574, "exp_ret": -0.0002598738524608865, "exp_vol": 0.011130574476280373}, "TSCO": {"prob": 0.45961198997802866, "exp_ret": 0.0006055967691945955, "exp_vol": 0.019341972927452815}, "ADSK": {"prob": 0.40475522943782966, "exp_ret": -0.008762403116210286, "exp_vol": 0.021436740506690137}, "QCOM": {"prob": 0.5430476282764595, "exp_ret": -0.003126023233211426, "exp_vol": 0.03336438398261657}, "KIM": {"prob": 0.2584657204005659, "exp_ret": -0.004639319424284704, "exp_vol": 0.011205529592430125}, "EXPE": {"prob": 0.5415602983959449, "exp_ret": 0.006787750039967228, "exp_vol": 0.02254655634807573}, "WDC": {"prob": 0.5941483680941697, "exp_ret": -0.0039841486498782335, "exp_vol": 0.05722243107494664}, "EQIX": {"prob": 0.49687584184304207, "exp_ret": -0.001223634051037399, "exp_vol": 0.011459998698371327}, "LYV": {"prob": 0.6154109845750678, "exp_ret": 0.004592245628545134, "exp_vol": 0.015165463401106388}, "KMB": {"prob": 0.2905160521356226, "exp_ret": -0.009845690859084847, "exp_vol": 0.01536860037249417}, "PWR": {"prob": 0.6325660661881964, "exp_ret": 0.01407017433588142, "exp_vol": 0.023092525855192537}, "MDLZ": {"prob": 0.2443698948981444, "exp_ret": -0.01152318271686287, "exp_vol": 0.015533004206744916}, "MOS": {"prob": 0.5170957558986192, "exp_ret": 0.0006318701193602149, "exp_vol": 0.026519992186616603}, "MPWR": {"prob": 0.6879577443793312, "exp_ret": 0.008397749947681252, "exp_vol": 0.04265988151160073}, "IDXX": {"prob": 0.4376973384390105, "exp_ret": -0.01199698947829849, "exp_vol": 0.01576216801178489}, "AEP": {"prob": 0.46449987054868513, "exp_ret": 0.0020728088726373424, "exp_vol": 0.01183747170638439}, "CSX": {"prob": 0.5610251046281098, "exp_ret": 0.005057881371515603, "exp_vol": 0.010765175000800029}, "BLK": {"prob": 0.28473496181091446, "exp_ret": -0.00993784147993392, "exp_vol": 0.014107761590396376}, "DXCM": {"prob": 0.7841187553427074, "exp_ret": 0.01772347125014153, "exp_vol": 0.017758138575546388}, "CMG": {"prob": 0.5405746480334798, "exp_ret": 0.0035543934763237113, "exp_vol": 0.021370350039995146}, "ESS": {"prob": 0.48968412780957055, "exp_ret": -0.0025270147887227912, "exp_vol": 0.010640110025153459}, "DHR": {"prob": 0.47429965757076376, "exp_ret": -0.0015184546187740008, "exp_vol": 0.01630577532608439}, "FAST": {"prob": 0.45584671914877134, "exp_ret": -0.005570186694887031, "exp_vol": 0.01307234671643093}, "ALB": {"prob": 0.4522207507706723, "exp_ret": -0.008162057736332528, "exp_vol": 0.02903393637637726}, "FIX": {"prob": 0.6506592966323943, "exp_ret": 0.010652544516305954, "exp_vol": 0.03335279453952274}, "WBD": {"prob": 0.5661567333189279, "exp_ret": 0.006784214490802857, "exp_vol": 0.010572542351389488}, "YUM": {"prob": 0.2338161817325163, "exp_ret": -0.006038251998196749, "exp_vol": 0.012891146893288803}, "GE": {"prob": 0.6027708792515143, "exp_ret": 0.005122529214677385, "exp_vol": 0.017996728436719}, "JPM": {"prob": 0.6636886003295529, "exp_ret": 0.004004410252828697, "exp_vol": 0.013603146799792526}, "LMT": {"prob": 0.3900351448560812, "exp_ret": -0.004912738265298206, "exp_vol": 0.01629442382677763}, "DAL": {"prob": 0.30673909666187665, "exp_ret": -0.013710478815162281, "exp_vol": 0.02024302285114766}, "PSX": {"prob": 0.648083114703684, "exp_ret": 0.0068993802860694885, "exp_vol": 0.018573639025843736}}