{"AMAT": {"prob": 0.7302638498016253, "exp_ret": 0.014401403286366268, "exp_vol": 0.046337683166130315}, "PPL": {"prob": 0.4687332318651297, "exp_ret": -0.0008275800779621757, "exp_vol": 0.011574132695283318}, "AIG": {"prob": 0.2628797626158115, "exp_ret": -0.006753417156047001, "exp_vol": 0.010894937660897705}, "WST": {"prob": 0.4695433701586833, "exp_ret": -0.003229725780739751, "exp_vol": 0.01259119909674117}, "NI": {"prob": 0.40227155599663134, "exp_ret": -0.0021966879777096993, "exp_vol": 0.0108229108788344}, "AES": {"prob": 0.5464299865988789, "exp_ret": 0.003702578029582095, "exp_vol": 0.0025354511847106584}, "FITB": {"prob": 0.45820894602604034, "exp_ret": -0.0012738777454395903, "exp_vol": 0.013103538393758702}, "SYY": {"prob": 0.4885346793483914, "exp_ret": -0.0005898172162173331, "exp_vol": 0.010793762600535363}, "BAC": {"prob": 0.6421304139131889, "exp_ret": 0.005340723376933885, "exp_vol": 0.012633658213439349}, "TECH": {"prob": 0.4771330216267749, "exp_ret": -0.0010431739705350999, "exp_vol": 0.013558214397299722}, "NUE": {"prob": 0.337830442949356, "exp_ret": -0.004538931861108348, "exp_vol": 0.0195897141559288}, "AVGO": {"prob": 0.6842149199188906, "exp_ret": 0.01501306672780816, "exp_vol": 0.027191199457675314}, "AEE": {"prob": 0.5561347037533477, "exp_ret": 0.0006699254628567033, "exp_vol": 0.013196946424767075}, "SMCI": {"prob": 0.44188820630038156, "exp_ret": 0.0007508003582307579, "exp_vol": 0.04500577356552463}, "KVUE": {"prob": 0.2572588423903162, "exp_ret": -0.01400654999266168, "exp_vol": 0.013812578586008026}, "COP": {"prob": 0.37678195540689136, "exp_ret": -0.0031940670953671275, "exp_vol": 0.020097485841925493}, "ABBV": {"prob": 0.7379164022919356, "exp_ret": 0.010738450068903862, "exp_vol": 0.014317868426628695}, "CAH": {"prob": 0.30768346578279865, "exp_ret": -0.00926308824162923, "exp_vol": 0.011331644774960908}, "VRTX": {"prob": 0.6010073717932692, "exp_ret": 0.0044026378431335006, "exp_vol": 0.015562091936432166}, "BMY": {"prob": 0.5607773098931497, "exp_ret": 0.006743864548118515, "exp_vol": 0.01696464290388341}, "WFC": {"prob": 0.6770003158097412, "exp_ret": 0.004235486194786354, "exp_vol": 0.014827746218039697}, "KMI": {"prob": 0.5251567948339219, "exp_ret": -0.00045703290763067413, "exp_vol": 0.011865011961849073}, "CLX": {"prob": 0.3061248853517986, "exp_ret": -0.006684826990899791, "exp_vol": 0.019984954593458185}, "HCA": {"prob": 0.36977856495361866, "exp_ret": -0.010885173648776548, "exp_vol": 0.01747791641416125}, "CMCSA": {"prob": 0.48811880124341533, "exp_ret": 0.000268031047317817, "exp_vol": 0.01421817161674685}, "BG": {"prob": 0.584173328394774, "exp_ret": 0.0052465018730853815, "exp_vol": 0.017077547235093603}, "GWW": {"prob": 0.5893195832208118, "exp_ret": 0.004433704208059751, "exp_vol": 0.011127876454596}, "CI": {"prob": 0.5659817702084443, "exp_ret": 0.00415473423961321, "exp_vol": 0.014709744130347606}, "STE": {"prob": 0.5094885300804934, "exp_ret": -0.002445279208473977, "exp_vol": 0.015584144859273282}, "LNT": {"prob": 0.3991262018111323, "exp_ret": -0.0016237404824773318, "exp_vol": 0.011596112043563837}, "AON": {"prob": 0.16507108045217073, "exp_ret": -0.013858053570371507, "exp_vol": 0.01719429170454168}, "ABNB": {"prob": 0.489135295452249, "exp_ret": -0.0013418652033141902, "exp_vol": 0.018019513046524913}, "TT": {"prob": 0.7009536530988217, "exp_ret": 0.010881993884402282, "exp_vol": 0.016816036490872648}, "ADI": {"prob": 0.5565147888090698, "exp_ret": 0.002421331003653062, "exp_vol": 0.02573502967698694}, "ON": {"prob": 0.46207642135590793, "exp_ret": 0.0047507769078722365, "exp_vol": 0.04452939624590474}}