{"MDT": {"prob": 0.40334166452446363, "exp_ret": -0.0027258890173316296, "exp_vol": 0.016440557209910542}, "ES": {"prob": 0.5994420419859445, "exp_ret": 0.000296609428445442, "exp_vol": 0.01159501014946157}, "APD": {"prob": 0.22073242984174649, "exp_ret": -0.0074664900885508135, "exp_vol": 0.010854880610506566}, "VLO": {"prob": 0.5483000066219944, "exp_ret": 0.005970179970390447, "exp_vol": 0.022981607367553853}, "CHTR": {"prob": 0.45412055731954126, "exp_ret": -0.018237548595063314, "exp_vol": 0.024563248841026983}, "ODFL": {"prob": 0.6101408523647457, "exp_ret": 0.0021417823336649586, "exp_vol": 0.018804194392166972}, "LOW": {"prob": 0.2786926169512699, "exp_ret": -0.006548573315531707, "exp_vol": 0.016750002823594443}, "BRK.B": {"prob": 0.43428780522814225, "exp_ret": -0.002455141765942566, "exp_vol": 0.008149781725754746}, "DE": {"prob": 0.7501616656145831, "exp_ret": 0.009909769906510194, "exp_vol": 0.015143721877445462}, "SLB": {"prob": 0.309733488866187, "exp_ret": -0.004753095659699431, "exp_vol": 0.017638237085567568}, "TRGP": {"prob": 0.5531356572528505, "exp_ret": 0.0006745998468467222, "exp_vol": 0.017783148243537866}, "TGT": {"prob": 0.7034510651314729, "exp_ret": 0.0069363924253639875, "exp_vol": 0.0203318001735452}, "STT": {"prob": 0.5650592124941664, "exp_ret": 0.0005094089667481424, "exp_vol": 0.014332692466845487}, "DASH": {"prob": 0.5101113749638886, "exp_ret": 0.0018230118284055382, "exp_vol": 0.024147533104927853}, "MPC": {"prob": 0.7104956450973166, "exp_ret": 0.0062242077752693555, "exp_vol": 0.021748549993682385}, "ORLY": {"prob": 0.5441591694355947, "exp_ret": -0.0027429300461369664, "exp_vol": 0.015561595527212766}, "SPGI": {"prob": 0.541920698383342, "exp_ret": 0.00017707175645395874, "exp_vol": 0.015472237501458885}, "ADM": {"prob": 0.45850478437147985, "exp_ret": -0.0029584196417940575, "exp_vol": 0.015495058854557424}, "EIX": {"prob": 0.4627151976839148, "exp_ret": 0.0006812954932983605, "exp_vol": 0.012961296363821675}, "USB": {"prob": 0.42973868040369495, "exp_ret": -0.001328612494043282, "exp_vol": 0.013072712154468466}, "EVRG": {"prob": 0.5788610754638169, "exp_ret": 0.002687550612400212, "exp_vol": 0.009872704306121433}, "SNDK": {"prob": 0.6929479141371738, "exp_ret": 0.029246629867861463, "exp_vol": 0.08284940585376517}, "AME": {"prob": 0.5308247108052283, "exp_ret": 0.003109173773071252, "exp_vol": 0.012999841263103997}, "CCL": {"prob": 0.5342343974038537, "exp_ret": 0.0021523957886685945, "exp_vol": 0.025236534989433547}, "ADP": {"prob": 0.5158083073940052, "exp_ret": -0.002733703201350945, "exp_vol": 0.017474397579304055}, "NCLH": {"prob": 0.48047815222729606, "exp_ret": 0.0012241541916064276, "exp_vol": 0.02830692742570273}, "MSFT": {"prob": 0.49874589257254404, "exp_ret": 0.0012133216620032858, "exp_vol": 0.017899878552053473}, "BX": {"prob": 0.33656569225469607, "exp_ret": -0.002010272672027121, "exp_vol": 0.020922246228168843}, "RF": {"prob": 0.5403969659843453, "exp_ret": 0.0017879387149213046, "exp_vol": 0.012604223049057856}, "DRI": {"prob": 0.36413272020917176, "exp_ret": -0.005438323916715786, "exp_vol": 0.013877845633415714}, "CDNS": {"prob": 0.5398909248814896, "exp_ret": 0.0028662370836480306, "exp_vol": 0.01412102624047752}, "KR": {"prob": 0.26850035026530067, "exp_ret": -0.00905908101734772, "exp_vol": 0.016552277267136737}, "CMI": {"prob": 0.7187675276104005, "exp_ret": 0.011493117946494942, "exp_vol": 0.024212645190824715}, "ICE": {"prob": 0.5267201348708094, "exp_ret": 0.0024360622840447336, "exp_vol": 0.015605601438552642}, "MO": {"prob": 0.48650737130948946, "exp_ret": -0.0032711925326151447, "exp_vol": 0.013297977024924242}, "A": {"prob": 0.34536634332724125, "exp_ret": -0.006273335711387666, "exp_vol": 0.014791024222765892}}