{"SW": {"prob": 0.37683631349557406, "exp_ret": -0.01010986669859855, "exp_vol": 0.02137791008520795}, "GS": {"prob": 0.6543573163902743, "exp_ret": 0.00787594647850677, "exp_vol": 0.019084178973753994}, "TAP": {"prob": 0.28716643284453836, "exp_ret": -0.008261581430680147, "exp_vol": 0.016870461315133412}, "CSGP": {"prob": 0.4627442301753779, "exp_ret": -0.008469695441052246, "exp_vol": 0.024560324345237052}, "GOOG": {"prob": 0.4649373328952548, "exp_ret": 0.0031669524779169007, "exp_vol": 0.014902208247799434}, "CRH": {"prob": 0.42498212077825137, "exp_ret": -0.0006462348242468469, "exp_vol": 0.01882466528214743}, "MS": {"prob": 0.6294031143586959, "exp_ret": 0.007428610319461546, "exp_vol": 0.017305379382444037}, "EL": {"prob": 0.4425402226842649, "exp_ret": -0.0064074482152227975, "exp_vol": 0.021092956267947188}, "MNST": {"prob": 0.6301263371707975, "exp_ret": 0.005706864092217784, "exp_vol": 0.010842338719764914}, "AXP": {"prob": 0.552327245396173, "exp_ret": 0.0009489160484441153, "exp_vol": 0.012809428205014378}, "NVDA": {"prob": 0.66286498556405, "exp_ret": 0.008278570615915977, "exp_vol": 0.022819725864629554}, "VTR": {"prob": 0.44854605734606223, "exp_ret": -0.000760415396024197, "exp_vol": 0.013766641432949426}, "OTIS": {"prob": 0.4808746570998469, "exp_ret": -0.002269778460388867, "exp_vol": 0.012508909277090868}, "BIIB": {"prob": 0.3339020349750765, "exp_ret": -0.007993585564229118, "exp_vol": 0.01865811741362801}, "WSM": {"prob": 0.4046332631313508, "exp_ret": -0.004037113115930431, "exp_vol": 0.020038057452755127}, "CSCO": {"prob": 0.45505985930077375, "exp_ret": -0.0005964467862479897, "exp_vol": 0.020428691908521254}, "MRNA": {"prob": 0.5286897443062369, "exp_ret": 0.009065921471763081, "exp_vol": 0.0439621160716626}, "SPG": {"prob": 0.44918024246409105, "exp_ret": -0.004674444010478436, "exp_vol": 0.011788953583820658}, "PLD": {"prob": 0.5468234506587173, "exp_ret": 0.0015553530756871744, "exp_vol": 0.013033560721438929}, "STLD": {"prob": 0.598762448324584, "exp_ret": 0.006579335871852137, "exp_vol": 0.022703261582071525}, "NVR": {"prob": 0.45014502601215306, "exp_ret": -0.001914458317189608, "exp_vol": 0.016075076594767767}, "CEG": {"prob": 0.5475173829666012, "exp_ret": 0.007427301479330283, "exp_vol": 0.025938836075431057}, "PH": {"prob": 0.5589943291796009, "exp_ret": 0.005121163670006032, "exp_vol": 0.014844557935792316}, "DECK": {"prob": 0.6554046780944399, "exp_ret": 0.016163597367432628, "exp_vol": 0.022189902040033963}, "CTVA": {"prob": 0.5763597420179879, "exp_ret": 0.0016368187776478111, "exp_vol": 0.012134802916718344}, "NWSA": {"prob": 0.8224971751275135, "exp_ret": 0.011825781717707791, "exp_vol": 0.01610176642503689}, "VST": {"prob": 0.6175350869678782, "exp_ret": 0.010000972136638323, "exp_vol": 0.02582409763131751}, "VRSK": {"prob": 0.4171525198363832, "exp_ret": -0.0040480154770779105, "exp_vol": 0.01987286141420942}, "AVY": {"prob": 0.4633533916680079, "exp_ret": -0.004772125030868713, "exp_vol": 0.012677785060057616}, "PAYX": {"prob": 0.34919822703675313, "exp_ret": -0.004689538272980765, "exp_vol": 0.01788292759696841}, "O": {"prob": 0.5511029264347517, "exp_ret": -0.00012583011228058, "exp_vol": 0.010454727150921108}, "AVB": {"prob": 0.3658019637235999, "exp_ret": -0.005286379894032034, "exp_vol": 0.013059394993044782}, "CASY": {"prob": 0.5351154561457011, "exp_ret": 0.0009271724673053635, "exp_vol": 0.017292249803232712}, "ORCL": {"prob": 0.5224656555660571, "exp_ret": 0.0031296825499818252, "exp_vol": 0.031060107981734825}, "DLR": {"prob": 0.39632841908074906, "exp_ret": -0.0013538422868641109, "exp_vol": 0.01588289019629459}, "SJM": {"prob": 0.6165001161670303, "exp_ret": 0.004838731989546953, "exp_vol": 0.014674171378564633}}